{
  "Header": {
    "title": "Get the Perfect Smile with Invisalign – Clear, Comfortable, and Convenient!",
    "paragraph": "Straighten Your Teeth Discreetly and Effectively with Our Expert Invisalign Treatment"
  },
  "About": {
    "paragraph": "Lorem ipsum dolor sit amet, consectetur adipiscing elit, sed do eiusmod tempor incididunt ut labore et dolore magna aliqua. Ut enim ad minim veniam, quis nostrud exercitation ullamco laboris nisi ut aliquip ex ea commodo consequat. Lorem ipsum dolor sit amet, consectetur adipiscing elit, sed do eiusmod tempor incididunt ut labore et dolore magna aliqua.",
    "Why": [
      "Lorem ipsum dolor",
      "Tempor incididunt",
      "Lorem ipsum dolor",
      "Incididunt ut labore"
    ],
    "Why2": [
      "Aliquip ex ea commodo",
      "Lorem ipsum dolor",
      "Exercitation ullamco",
      "Lorem ipsum dolor"
    ]
  },
  "Gallery": [
    {
      "title": "Project Title",
      "largeImage": "img/portfolio/01-large.jpg",
      "smallImage": "img/portfolio/01-small.jpg"
    },
    {
      "title": "Project Title",
      "largeImage": "img/portfolio/02-large.jpg",
      "smallImage": "img/portfolio/02-small.jpg"
    },
    {
      "title": "Project Title",
      "largeImage": "img/portfolio/03-large.jpg",
      "smallImage": "img/portfolio/03-small.jpg"
    },
    {
      "title": "Project Title",
      "largeImage": "img/portfolio/04-large.jpg",
      "smallImage": "img/portfolio/04-small.jpg"
    },
    {
      "title": "Project Title",
      "largeImage": "img/portfolio/05-large.jpg",
      "smallImage": "img/portfolio/05-small.jpg"
    },
    {
      "title": "Project Title",
      "largeImage": "img/portfolio/06-large.jpg",
      "smallImage": "img/portfolio/06-small.jpg"
    },
    {
      "title": "Project Title",
      "largeImage": "img/portfolio/07-large.jpg",
      "smallImage": "img/portfolio/07-small.jpg"
    },
    {
      "title": "Project Title",
      "largeImage": "img/portfolio/08-large.jpg",
      "smallImage": "img/portfolio/08-small.jpg"
    },
    {
      "title": "Project Title",
      "largeImage": "img/portfolio/09-large.jpg",
      "smallImage": "img/portfolio/09-small.jpg"
    }
  ],
  "Services": [
    {
      "icon": "fa fa-stethoscope",  
      "name": "Consultation",
      "text": "Meet with our Invisalign-certified dentist to discuss your goals and get a personalized treatment plan."
    },
    {
      "icon": "fa fa-align-left", 
      "name": "Custom Aligners",
      "text": "Receive your custom-made aligners designed to gradually shift your teeth into place."
    },
    {
      "icon": "fa fa-calendar-o",  
      "name": "Regular Check-ins",
      "text": "Track your progress with regular check-ins and get new sets of aligners."
    },
    {
      "icon": "fa fa-smile-o",  
      "name": "Beautiful Results",
      "text": "Enjoy your new smile with straighter teeth."
    }
  ],
  "Testimonials": [
    {
      "img": "img/testimonials/01.jpg",
      "text": "\"Lorem ipsum dolor sit amet, consectetur adipiscing elit. Duis sed dapibus leo nec ornare diam sedasd commodo nibh ante facilisis bibendum dolor feugiat at.\"",
      "name": "John Doe",
      "video":"../assets/1.mp4"
    },
    {
      "img": "img/testimonials/02.jpg",
      "text": "\"Lorem ipsum dolor sit amet, consectetur adipiscing elit. Duis sed dapibus leo nec ornare diam sedasd commodo nibh ante facilisis bibendum dolor feugiat at.\"",
      "name": "Johnathan Doe",
      "video": "../assets/2.mp4"
    },
    {
      "img": "img/testimonials/3.jpg",
      "text": "\"Lorem ipsum dolor sit amet, consectetur adipiscing elit. Duis sed dapibus leo nec ornare diam sedasd commodo nibh ante facilisis bibendum dolor feugiat at.\"",
      "name": "John Doe"
    },
    {
      "img": "img/testimonials/4.jpg",
      "text": "\"Lorem ipsum dolor sit amet, consectetur adipiscing elit. Duis sed dapibus leo nec ornare diam sedasd commodo nibh ante facilisis bibendum dolor feugiat at.\"",
      "name": "Johnathan Doe"
    },
    {
      "img": "img/testimonials/5.jpg",
      "text": "\"Lorem ipsum dolor sit amet, consectetur adipiscing elit. Duis sed dapibus leo nec ornare diam sedasd commodo nibh ante facilisis bibendum dolor feugiat at.\"",
      "name": "John Doe"
    },
    {
      "img": "img/testimonials/6.jpg",
      "text": "\"Lorem ipsum dolor sit amet, consectetur adipiscing elit. Duis sed dapibus leo nec ornare diam sedasd commodo nibh ante facilisis bibendum dolor feugiat at.\"",
      "name": "Johnathan Doe"
    }
  ],
  "Team": [
    {
      "img": "img/team/01.jpg",
      "name": "John Doe",
      "job": "Director"
    },
    {
      "img": "img/team/02.jpg",
      "name": "Mike Doe",
      "job": "Senior Designer"
    },
    {
      "img": "img/team/03.jpg",
      "name": "Jane Doe",
      "job": "Senior Designer"
    },
    {
      "img": "img/team/04.jpg",
      "name": "Karen Doe",
      "job": "Project Manager"
    }
  ],
  "Contact": {
    "address": "4321 Invasign St, , CA 12345 ",
    "phone": "+1 123 456 789",
    "email": "info@company.com",
    "facebook": "fb.com",
    "twitter": "twitter.com",
    "youtube": "youtube.com"
  },
  "Features": [
    {
      "title": "Virtually Invisible Aligners",
      "icon": "fa fa-eye-slash",
      "text": "Our aligners are nearly invisible, making them a discreet choice for your orthodontic needs."
    },
    {
      "title": "Comfortable and Removable",
      "icon": "fa fa-bed fa-exchange-alt",
      "text": "Enjoy the comfort of aligners that you can easily remove for eating, drinking, and cleaning."
    },
    {
      "title": "Customized for Your Unique Smile",
      "icon": "fa fa-smile-o",
      "text": "Each aligner is crafted specifically for your smile, ensuring a perfect fit and effective treatment."
    },
    {
      "title": "Fewer Dental Visits",
      "icon": "fa fa-table",
      "text": "With our aligners, you’ll spend less time in the dentist’s office and more time enjoying your life."
    }
  ]
}
